City_ID,City,Country,Date,Lat,Lng,Max Temp,Humidity,Cloudiness,Wind Speed
0,Natal,BR,2022-01-09 23:44:51,-5.795,-35.2094,82.62,78,20,10.36
1,Sorland,NO,2022-01-09 23:44:51,67.667,12.6934,32.34,62,4,8.9
2,Rikitea,PF,2022-01-09 23:44:52,-23.1203,-134.9692,78.24,79,100,19.19
3,East London,ZA,2022-01-09 23:40:52,-33.0153,27.9116,73.0,89,82,18.9
4,Saint Anthony,US,2022-01-09 23:44:52,45.0205,-93.218,4.93,60,0,3.0
5,Avarua,CK,2022-01-09 23:44:53,-21.2078,-159.775,84.25,74,75,14.97
6,Bredasdorp,ZA,2022-01-09 23:44:53,-34.5322,20.0403,70.92,78,100,12.66
7,Colares,PT,2022-01-09 23:44:54,38.7992,-9.4469,57.33,74,87,3.0
8,Bengkulu,ID,2022-01-09 23:44:54,-3.8004,102.2655,75.9,90,87,3.71
9,Mackay,AU,2022-01-09 23:44:55,-21.15,149.2,85.98,66,75,16.11
10,Tambacounda,SN,2022-01-09 23:44:55,13.7539,-13.7586,80.65,12,0,13.8
11,Nuevo Progreso,MX,2022-01-09 23:44:56,23.1667,-97.95,82.6,67,58,1.99
12,Hermanus,ZA,2022-01-09 23:44:56,-34.4187,19.2345,67.89,87,100,9.08
13,Russkiy Kameshkir,RU,2022-01-09 23:44:56,52.8589,46.0892,15.55,86,100,13.67
14,Vagamo,NO,2022-01-09 23:44:57,61.8751,9.0967,10.81,96,89,3.04
15,Broome,US,2022-01-09 23:44:57,42.2506,-75.833,37.56,81,100,3.0
16,Gondanglegi,ID,2022-01-09 23:44:58,-7.7479,112.0132,78.17,83,96,1.39
17,Port Hardy,CA,2022-01-09 23:43:11,50.6996,-127.4199,46.4,76,75,25.32
18,Hithadhoo,MV,2022-01-09 23:44:58,-0.6,73.0833,81.45,74,27,6.44
19,Ushuaia,AR,2022-01-09 23:44:59,-54.8,-68.3,44.26,70,75,8.05
20,Portland,US,2022-01-09 23:42:00,45.5234,-122.6762,51.84,63,0,11.99
21,Hirado,JP,2022-01-09 23:44:59,33.3597,129.5531,36.75,55,21,6.35
22,Ridgecrest,US,2022-01-09 23:45:00,35.6225,-117.6709,61.3,21,0,0.0
23,Umm Lajj,SA,2022-01-09 23:45:01,25.0213,37.2685,73.67,60,92,27.27
24,Oytal,KZ,2022-01-09 23:45:01,42.9057,73.2697,31.86,75,72,1.68
25,Atuona,PF,2022-01-09 23:45:02,-9.8,-139.0333,78.85,75,16,17.43
26,Punta Arenas,CL,2022-01-09 23:45:02,-53.15,-70.9167,51.91,54,75,23.02
27,Busselton,AU,2022-01-09 23:45:02,-33.65,115.3333,65.05,58,80,12.8
28,Kungurtug,RU,2022-01-09 23:45:03,50.5994,97.5228,-6.7,94,74,1.21
29,Mahdasht,IR,2022-01-09 23:45:03,35.7299,50.8111,39.42,56,1,4.61
30,Port Pirie,AU,2022-01-09 23:45:04,-33.1833,138.0167,89.69,20,38,9.31
31,Nueve De Julio,AR,2022-01-09 23:45:04,-35.4444,-60.8831,80.71,21,58,8.99
32,New Norfolk,AU,2022-01-09 23:45:04,-42.7826,147.0587,68.76,73,100,3.0
33,Harper,LR,2022-01-09 23:41:32,4.375,-7.7169,79.59,84,81,6.8
34,Jamestown,US,2022-01-09 23:45:05,42.097,-79.2353,36.72,86,100,21.85
35,Ponta Do Sol,PT,2022-01-09 23:45:05,32.6667,-17.1,66.13,45,99,9.98
36,Hilo,US,2022-01-09 23:45:06,19.7297,-155.09,77.25,81,6,5.01
37,Mubi,NG,2022-01-09 23:45:06,10.2676,13.2644,67.08,29,68,5.23
38,Kapaa,US,2022-01-09 23:45:07,22.0752,-159.319,79.12,57,0,8.05
39,Strezhevoy,RU,2022-01-09 23:45:07,60.7333,77.5889,-4.02,97,93,9.73
40,Hamilton,US,2022-01-09 23:45:08,39.1834,-84.5333,34.65,63,75,1.99
41,Cape Town,ZA,2022-01-09 23:42:29,-33.9258,18.4232,69.89,78,20,1.01
42,Shelburne,CA,2022-01-09 23:45:08,44.0787,-80.2041,23.18,87,87,18.48
43,Arraial Do Cabo,BR,2022-01-09 23:40:12,-22.9661,-42.0278,69.66,94,100,2.3
44,Lorengau,PG,2022-01-09 23:45:09,-2.0226,147.2712,82.71,76,73,8.86
45,Qaanaaq,GL,2022-01-09 23:45:09,77.484,-69.3632,1.38,69,95,8.28
46,Merauke,ID,2022-01-09 23:46:10,-8.4667,140.3333,81.3,80,100,10.92
47,Albany,US,2022-01-09 23:46:10,42.6001,-73.9662,38.73,91,100,1.01
48,Altay,CN,2022-01-09 23:46:11,47.8667,88.1167,13.78,78,46,5.5
49,Oyama,JP,2022-01-09 23:46:12,36.3,139.8,47.59,55,92,5.19
50,Mataura,NZ,2022-01-09 23:46:12,-46.1927,168.8643,67.48,51,68,1.45
51,Chapeco,BR,2022-01-09 23:46:13,-27.0964,-52.6183,73.15,46,40,8.05
52,Cumberland,US,2022-01-09 23:42:23,35.0502,-78.8664,66.63,67,20,8.05
53,Lebu,CL,2022-01-09 23:46:13,-37.6167,-73.65,60.39,90,17,3.8
54,Saldanha,ZA,2022-01-09 23:46:14,-33.0117,17.9442,64.45,91,57,4.7
55,Haimen,CN,2022-01-09 23:46:14,23.1935,116.6142,58.89,78,100,9.8
56,Bonavista,CA,2022-01-09 23:46:15,48.6499,-53.1147,27.12,74,54,21.03
57,Inhambane,MZ,2022-01-09 23:46:15,-23.865,35.3833,74.89,87,69,7.11
58,Alofi,NU,2022-01-09 23:46:16,-19.0595,-169.9187,84.09,70,92,9.22
59,Hobart,AU,2022-01-09 23:45:01,-42.8794,147.3294,69.12,87,100,1.01
60,Georgetown,MY,2022-01-09 23:45:12,5.4112,100.3354,80.53,79,20,3.0
61,Ferme-Neuve,CA,2022-01-09 23:46:17,46.7001,-75.4493,26.38,79,96,14.88
62,Fairbanks,US,2022-01-09 23:42:20,64.8378,-147.7164,-13.0,70,0,6.91
63,Vaini,TO,2022-01-09 23:46:17,-21.2,-175.2,80.76,89,100,11.5
64,Victoria,HK,2022-01-09 23:44:32,22.2855,114.1577,64.33,83,60,3.0
65,Purpe,RU,2022-01-09 23:46:19,64.4803,76.6897,-16.51,96,62,9.35
66,Houston,US,2022-01-09 23:42:47,29.7633,-95.3633,71.96,72,75,13.0
67,Comodoro Rivadavia,AR,2022-01-09 23:44:14,-45.8667,-67.5,82.26,21,0,23.02
68,Souillac,MU,2022-01-09 23:46:20,-20.5167,57.5167,76.35,100,75,3.44
69,Tuktoyaktuk,CA,2022-01-09 23:46:20,69.4541,-133.0374,-23.8,69,20,9.22
70,Aswan,EG,2022-01-09 23:46:21,24.0934,32.907,58.3,44,0,16.11
71,Tasiilaq,GL,2022-01-09 23:46:21,65.6145,-37.6368,32.16,70,100,47.83
72,Bintulu,MY,2022-01-09 23:46:22,3.1667,113.0333,75.61,94,40,0.0
73,Sakakah,SA,2022-01-09 23:46:22,29.9697,40.2064,65.77,44,99,10.13
74,Lata,PT,2022-01-09 23:46:23,40.1629,-8.3327,56.05,99,100,3.15
75,Yellowknife,CA,2022-01-09 23:44:07,62.456,-114.3525,-25.58,88,75,3.44
76,Vao,NC,2022-01-09 23:46:23,-22.6667,167.4833,77.36,80,82,23.13
77,Praya,CV,2022-01-09 23:46:24,14.9215,-23.5087,72.14,78,40,10.36
78,Sinolon,PH,2022-01-09 23:46:25,6.2439,124.8144,77.41,80,96,0.36
79,Talnakh,RU,2022-01-09 23:46:25,69.4865,88.3972,-3.8,98,100,3.11
80,Cayenne,GF,2022-01-09 23:46:26,4.9333,-52.3333,80.1,78,0,3.0
81,Sitka,US,2022-01-09 23:46:26,57.0531,-135.33,44.49,76,100,20.71
82,Tiarei,PF,2022-01-09 23:46:27,-17.5333,-149.3333,82.42,79,99,24.36
83,Villamontes,BO,2022-01-09 23:46:27,-21.25,-63.5,85.93,41,100,3.78
84,Narsaq,GL,2022-01-09 23:46:28,60.9167,-46.05,19.62,90,100,2.06
85,Ribeira Grande,PT,2022-01-09 23:46:28,38.5167,-28.7,61.41,77,100,20.38
86,Den Helder,NL,2022-01-09 23:46:28,52.9599,4.7593,44.98,87,75,2.3
87,Sand Springs,US,2022-01-09 23:46:29,36.1398,-96.1089,39.16,41,0,5.75
88,Yamada,JP,2022-01-09 23:46:29,39.4667,141.95,34.14,65,99,3.96
89,Dundalk,US,2022-01-09 23:46:30,39.2507,-76.5205,44.64,93,90,5.01
90,Thompson,CA,2022-01-09 23:47:30,55.7435,-97.8558,-21.84,69,0,10.36
91,Salinopolis,BR,2022-01-09 23:47:31,-0.6136,-47.3561,77.49,85,98,3.27
92,Barabinsk,RU,2022-01-09 23:47:31,55.3571,78.357,-5.33,97,32,7.94
93,Luanda,AO,2022-01-09 23:47:32,-8.8368,13.2343,77.0,83,75,5.75
94,Cherskiy,RU,2022-01-09 23:47:32,68.75,161.3,-16.1,98,100,3.11
95,Mar Del Plata,AR,2022-01-09 23:47:25,-38.0023,-57.5575,75.0,41,0,4.0
96,Severo-Kurilsk,RU,2022-01-09 23:47:33,50.6789,156.125,30.72,87,86,10.54
97,Aranjuez,ES,2022-01-09 23:47:34,40.0311,-3.6025,58.8,94,72,12.1
98,Abha,SA,2022-01-09 23:47:34,18.2164,42.5053,55.22,58,0,4.61
99,Namuac,PH,2022-01-09 23:47:34,18.6109,121.1657,74.34,85,85,6.2
100,Togur,RU,2022-01-09 23:47:35,58.3631,82.8265,-0.49,94,98,9.37
101,La Rioja,ES,2022-01-09 23:46:01,42.25,-2.5,49.05,90,100,17.9
102,Hualmay,PE,2022-01-09 23:47:36,-11.0964,-77.6139,72.03,77,7,10.78
103,Bluff,NZ,2022-01-09 23:47:36,-46.6,168.3333,67.8,84,91,8.12
104,Tigil,RU,2022-01-09 23:47:37,57.8,158.6667,13.32,88,59,3.13
105,Lop Buri,TH,2022-01-09 23:47:37,14.7981,100.654,73.15,61,4,1.77
106,Bafoulabe,ML,2022-01-09 23:47:38,13.8065,-10.8321,77.86,11,87,7.0
107,Rantepao,ID,2022-01-09 23:44:55,-2.9701,119.8978,72.01,86,97,0.16
108,Yar-Sale,RU,2022-01-09 23:47:39,66.8333,70.8333,-3.53,94,100,6.8
109,Kodiak,US,2022-01-09 23:47:39,57.79,-152.4072,29.71,55,90,21.85
110,Kirensk,RU,2022-01-09 23:47:40,57.7853,108.1119,-25.53,98,19,1.99
111,Banda Aceh,ID,2022-01-09 23:47:41,5.5577,95.3222,77.88,80,90,5.17
112,Santa Maria,BR,2022-01-09 23:44:45,-29.6842,-53.8069,76.3,57,0,5.75
113,Port Alfred,ZA,2022-01-09 23:47:42,-33.5906,26.891,72.12,93,52,7.02
114,Saint-Francois,FR,2022-01-09 23:47:42,46.4154,3.9054,39.47,92,100,3.44
115,Butaritari,KI,2022-01-09 23:47:43,3.0707,172.7902,81.48,77,99,15.57
116,Burgersdorp,ZA,2022-01-09 23:47:43,-30.9977,26.3286,65.05,79,85,10.87
117,Djambala,CG,2022-01-09 23:47:44,-2.5447,14.7533,69.46,90,79,3.71
118,Datong,CN,2022-01-09 23:47:44,40.0936,113.2914,17.42,55,32,3.62
119,Leningradskiy,RU,2022-01-09 23:47:44,69.3833,178.4167,-17.54,93,41,3.76
120,Bambous Virieux,MU,2022-01-09 23:47:46,-20.3428,57.7575,76.21,100,75,3.44
121,Nsanje,MW,2022-01-09 23:47:46,-16.92,35.262,71.22,93,100,0.29
122,Sambava,MG,2022-01-09 23:47:47,-14.2667,50.1667,74.28,91,100,5.28
123,Puerto Colombia,CO,2022-01-09 23:47:47,10.9878,-74.9547,78.89,78,55,27.18
124,San Patricio,US,2022-01-09 23:47:48,28.017,-97.5169,75.61,43,95,18.01
125,Lotte,DE,2022-01-09 23:47:48,52.2833,7.9167,38.91,97,88,4.72
126,Puerto Ayora,EC,2022-01-09 23:47:48,-0.7393,-90.3518,73.04,86,86,7.74
127,Ushtobe,KZ,2022-01-09 23:47:49,45.2514,77.9838,28.29,76,98,10.94
128,Semenyih,MY,2022-01-09 23:45:40,2.9516,101.843,78.58,93,98,3.0
129,Mahebourg,MU,2022-01-09 23:47:50,-20.4081,57.7,76.24,100,75,3.44
130,Amarpur,IN,2022-01-09 23:47:50,25.0333,86.9,64.11,70,89,5.48
131,Dikson,RU,2022-01-09 23:47:51,73.5069,80.5464,-14.89,100,96,7.85
132,Mehamn,NO,2022-01-09 23:47:51,71.0357,27.8492,30.27,73,100,21.3
133,Douglas,US,2022-01-09 23:48:52,41.3,-96.167,26.47,46,0,1.99
134,Cidreira,BR,2022-01-09 23:48:52,-30.1811,-50.2056,72.59,72,37,18.54
135,Turayf,SA,2022-01-09 23:48:53,31.6725,38.6637,53.85,100,75,4.61
136,Barrow,US,2022-01-09 23:48:36,71.2906,-156.7887,-16.58,69,20,3.44
137,Miraflores,MX,2022-01-09 23:48:53,19.2167,-98.8083,70.45,39,16,2.73
138,Sistranda,NO,2022-01-09 23:48:54,63.7256,8.834,31.96,66,0,9.57
139,Caravelas,BR,2022-01-09 23:48:54,-17.7125,-39.2481,75.92,90,93,7.76
140,Harlingen,US,2022-01-09 23:45:05,26.1906,-97.6961,80.51,88,100,12.66
141,Nanortalik,GL,2022-01-09 23:48:55,60.1432,-45.2371,19.17,79,100,33.84
142,Carnarvon,AU,2022-01-09 23:48:56,-24.8667,113.6333,73.47,60,0,13.8
143,Airai,TL,2022-01-09 23:48:56,-8.9266,125.4092,68.32,76,47,0.78
144,Lagoa,PT,2022-01-09 23:48:57,39.05,-27.9833,60.19,73,100,14.5
145,Codrington,AU,2022-01-09 23:48:57,-38.2667,141.9667,74.52,47,53,11.14
146,Namatanai,PG,2022-01-09 23:48:58,-3.6667,152.4333,84.02,68,90,5.19
147,Stolin,BY,2022-01-09 23:48:58,51.8912,26.846,24.01,97,89,5.44
148,Olafsvik,IS,2022-01-09 23:48:59,64.8945,-23.7142,39.04,96,100,33.73
149,Moyale,KE,2022-01-09 23:48:59,3.5167,39.0584,72.95,45,5,9.22
150,Nador,MA,2022-01-09 23:49:00,35.174,-2.9287,61.05,63,0,14.97
151,Moron,AR,2022-01-09 23:49:00,-34.6534,-58.6198,84.09,63,25,3.0
152,Road Town,VG,2022-01-09 23:49:01,18.4167,-64.6167,78.89,69,40,12.66
153,Andros Town,BS,2022-01-09 23:49:01,24.7,-77.7667,76.96,76,98,19.01
154,Saint-Philippe,RE,2022-01-09 23:49:01,-21.3585,55.7679,76.59,84,77,8.41
155,Onda,ES,2022-01-09 23:49:02,39.9667,-0.25,62.04,65,81,8.08
156,Mount Isa,AU,2022-01-09 23:49:03,-20.7333,139.5,94.77,24,61,9.22
157,Castro,BR,2022-01-09 23:49:03,-24.7911,-50.0119,58.28,90,98,5.75
158,Ilulissat,GL,2022-01-09 23:49:03,69.2167,-51.1,17.62,86,100,13.8
159,Husavik,IS,2022-01-09 23:49:04,66.0449,-17.3389,42.71,89,100,28.59
160,Mugla,TR,2022-01-09 23:49:05,37.2303,28.3557,39.87,97,100,7.54
161,West Fargo,US,2022-01-09 23:46:48,46.875,-96.9004,-5.8,77,0,4.61
162,Vega De Alatorre,MX,2022-01-09 23:49:05,20.0333,-96.6333,75.6,88,79,7.76
163,Lavrentiya,RU,2022-01-09 23:49:06,65.5833,-171.0,-10.28,81,8,12.64
164,Sao Filipe,CV,2022-01-09 23:49:07,14.8961,-24.4956,72.45,66,100,2.44
165,Hasaki,JP,2022-01-09 23:49:07,35.7333,140.8333,43.29,72,100,22.06
166,Conakry,GN,2022-01-09 23:47:27,9.538,-13.6773,82.47,74,9,13.8
167,Bograd,RU,2022-01-09 23:49:08,54.2344,90.8328,12.92,67,87,12.68
168,Saskylakh,RU,2022-01-09 23:49:09,71.9167,114.0833,4.15,92,98,9.24
169,Yeppoon,AU,2022-01-09 23:49:10,-23.1333,150.7333,82.18,62,37,15.32
170,Bahar,IR,2022-01-09 23:49:10,34.9072,48.4414,23.16,68,0,2.3
171,Tiksi,RU,2022-01-09 23:49:11,71.6872,128.8694,-2.18,76,100,22.06
172,Gyorszemere,HU,2022-01-09 23:49:11,47.5526,17.5636,31.86,97,100,2.08
173,Pisco,PE,2022-01-09 23:49:11,-13.7,-76.2167,73.45,83,0,21.85
174,Faanui,PF,2022-01-09 23:49:12,-16.4833,-151.75,81.75,71,66,4.36
175,Jalu,LY,2022-01-09 23:49:12,29.0331,21.5482,50.92,53,0,12.37
176,Hobyo,SO,2022-01-09 23:49:13,5.3505,48.5268,76.68,68,7,19.51
177,Port Lincoln,AU,2022-01-09 23:49:13,-34.7333,135.8667,82.67,44,70,10.87
178,Matara,LK,2022-01-09 23:49:14,5.9485,80.5353,74.16,91,100,8.43
179,Shimoda,JP,2022-01-09 23:50:14,34.6667,138.95,50.36,72,60,14.36
180,Solnechnyy,RU,2022-01-09 23:50:15,50.7214,136.6319,-9.85,97,53,2.68
181,Khrebtovaya,RU,2022-01-09 23:50:15,56.7032,104.2494,-13.85,85,56,4.38
182,Port Elizabeth,ZA,2022-01-09 23:50:16,-33.918,25.5701,68.09,94,75,16.11
183,Asau,RO,2022-01-09 23:50:16,46.4333,26.4,33.28,98,100,3.56
184,Hambantota,LK,2022-01-09 23:50:16,6.1241,81.1185,75.6,88,100,11.01
185,Kulhudhuffushi,MV,2022-01-09 23:50:17,6.6221,73.07,80.15,75,95,8.61
186,Tuatapere,NZ,2022-01-09 23:50:18,-46.1333,167.6833,68.83,72,95,2.53
187,Tautira,PF,2022-01-09 23:50:18,-17.7333,-149.15,82.42,81,99,25.97
188,Fagernes,NO,2022-01-09 23:50:19,60.9858,9.2324,12.54,98,99,2.26
189,Ishigaki,JP,2022-01-09 23:50:19,24.3448,124.1572,68.13,83,75,21.85
190,Xuddur,SO,2022-01-09 23:50:19,4.1213,43.8894,70.54,77,12,14.23
191,Berlevag,NO,2022-01-09 23:50:20,70.8578,29.0864,29.82,85,100,23.51
192,Khatanga,RU,2022-01-09 23:50:20,71.9667,102.5,-8.03,94,57,5.21
193,Batagay-Alyta,RU,2022-01-09 23:50:21,67.8006,130.4114,-21.96,87,53,3.87
194,Provideniya,RU,2022-01-09 23:50:21,64.3833,-173.3,6.91,66,0,17.9
195,Mandalgovi,MN,2022-01-09 23:50:22,45.7625,106.2708,6.37,72,4,3.4
196,Ialibu,PG,2022-01-09 23:50:22,-6.2821,143.9935,66.27,73,74,3.11
197,Guanare,VE,2022-01-09 23:50:22,9.0418,-69.7421,86.02,45,39,11.5
198,Kavieng,PG,2022-01-09 23:50:23,-2.5744,150.7967,83.53,69,100,7.27
199,Pangnirtung,CA,2022-01-09 23:50:24,66.1451,-65.7125,-25.19,84,26,5.61
200,Touros,BR,2022-01-09 23:50:24,-5.1989,-35.4608,81.5,74,96,14.67
201,Bella Union,UY,2022-01-09 23:50:25,-30.2752,-57.6007,83.26,28,0,7.36
202,Chuy,UY,2022-01-09 23:50:25,-33.6971,-53.4616,69.87,79,0,13.35
203,Bonthe,SL,2022-01-09 23:50:26,7.5264,-12.505,79.79,84,11,7.81
204,Ayan,RU,2022-01-09 23:50:26,56.45,138.1667,-7.17,71,100,15.14
205,Nkhotakota,MW,2022-01-09 23:50:27,-12.9274,34.2961,75.06,76,100,3.56
206,Mount Pleasant,US,2022-01-09 23:50:27,32.7941,-79.8626,67.17,88,20,3.0
207,Pemberton,CA,2022-01-09 23:50:28,50.3164,-122.8027,33.49,97,100,0.92
208,La Ronge,CA,2022-01-09 23:50:28,55.1001,-105.2842,-14.55,64,40,3.44
209,Longyearbyen,SJ,2022-01-09 23:50:29,78.2186,15.6401,22.84,86,75,11.5
210,Tucurui,BR,2022-01-09 23:50:29,-3.7661,-49.6725,71.65,97,100,2.19
211,Palu,ID,2022-01-09 23:50:30,-0.8917,119.8707,81.7,73,71,2.01
212,Meulaboh,ID,2022-01-09 23:50:30,4.1363,96.1285,74.75,94,100,3.67
213,Quelimane,MZ,2022-01-09 23:50:31,-17.8786,36.8883,75.15,94,40,0.0
214,Leo,BF,2022-01-09 23:50:31,11.1,-2.1,69.51,17,23,8.46
215,Chato,TZ,2022-01-09 23:50:32,-2.6378,31.7669,66.43,51,92,3.24
216,Banjar,ID,2022-01-09 23:50:32,-8.19,114.9675,78.66,84,100,3.02
217,Bubaque,GW,2022-01-09 23:50:32,11.2833,-15.8333,79.52,69,96,18.81
218,Buraydah,SA,2022-01-09 23:50:33,26.326,43.975,61.25,37,71,11.83
219,Kaitangata,NZ,2022-01-09 23:50:34,-46.2817,169.8464,67.93,82,59,6.64
220,Dindigul,IN,2022-01-09 23:50:34,10.35,77.95,67.98,90,52,0.81
221,Phuthaditjhaba,ZA,2022-01-09 23:50:35,-28.5242,28.8158,56.89,92,51,3.44
222,Kapustin Yar,RU,2022-01-09 23:50:35,48.5831,45.7372,26.74,57,100,13.67
223,Poum,NC,2022-01-09 23:51:35,-20.2333,164.0167,82.36,72,7,8.57
224,Urumqi,CN,2022-01-09 23:51:36,43.801,87.6005,2.35,85,3,2.24
225,Goderich,CA,2022-01-09 23:50:08,43.7501,-81.7165,24.91,63,100,23.02
226,Igarka,RU,2022-01-09 23:51:36,67.4667,86.5833,-1.57,98,100,6.64
227,Bandarbeyla,SO,2022-01-09 23:51:37,9.4942,50.8122,75.56,66,37,19.48
228,Korla,CN,2022-01-09 23:51:37,41.7597,86.1469,23.95,63,100,5.57
229,Norman Wells,CA,2022-01-09 23:51:38,65.282,-126.8329,-32.76,68,75,5.75
230,Praia Da Vitoria,PT,2022-01-09 23:51:38,38.7333,-27.0667,57.76,94,75,17.31
231,Popondetta,PG,2022-01-09 23:51:39,-8.7537,148.2534,88.0,58,88,3.13
232,Taoudenni,ML,2022-01-09 23:51:39,22.6783,-3.9836,54.93,19,44,11.79
233,Litovko,RU,2022-01-09 23:51:39,49.2361,135.1742,-21.08,99,89,1.59
234,Egvekinot,RU,2022-01-09 23:51:40,66.3167,-179.1667,-8.36,58,0,13.18
235,Daru,PG,2022-01-09 23:51:40,-9.0763,143.2092,81.99,74,100,9.01
236,Pangody,RU,2022-01-09 23:51:41,65.85,74.4859,-9.02,95,98,8.39
237,Upernavik,GL,2022-01-09 23:51:41,72.7868,-56.1549,1.06,98,100,11.34
238,Ixtapa,MX,2022-01-09 23:51:42,20.7,-105.2,75.22,86,85,4.0
239,Chokurdakh,RU,2022-01-09 23:51:42,70.6333,147.9167,-26.9,97,12,8.03
240,Safaga,EG,2022-01-09 23:51:43,26.7292,33.9365,62.55,54,96,1.3
241,Tuy Hoa,VN,2022-01-09 23:51:43,13.0833,109.3,73.11,89,77,3.8
242,Katsuura,JP,2022-01-09 23:51:44,35.1333,140.3,51.19,81,100,22.5
243,Bouna,CI,2022-01-09 23:51:45,9.2667,-3.0,74.73,20,30,6.42
244,Monterey,US,2022-01-09 23:51:45,36.2505,-121.2516,62.37,51,29,3.22
245,Ondjiva,AO,2022-01-09 23:51:45,-17.0667,15.7333,70.56,60,100,7.54
246,Ambilobe,MG,2022-01-09 23:51:46,-13.2,49.05,74.52,94,100,1.16
247,Karaj,IR,2022-01-09 23:51:46,35.8355,51.0103,36.12,56,1,4.61
248,Soma,TR,2022-01-09 23:51:47,39.1855,27.6094,48.99,87,99,3.42
249,Aklavik,CA,2022-01-09 23:51:47,68.2191,-135.0107,-24.77,98,9,3.0
250,Vardo,NO,2022-01-09 23:51:48,70.3705,31.1107,19.6,88,100,12.75
251,Naze,JP,2022-01-09 23:51:48,28.3667,129.4833,58.12,74,98,10.45
252,Aykhal,RU,2022-01-09 23:51:49,66.0,111.5,0.41,94,100,21.34
253,Changde,CN,2022-01-09 23:51:49,29.0464,111.6783,45.52,84,100,4.27
254,Byron Bay,AU,2022-01-09 23:51:49,-28.65,153.6167,80.71,65,17,8.55
255,Apomu,NG,2022-01-09 23:51:50,7.3333,4.1833,72.5,73,12,0.94
256,Savannakhet,LA,2022-01-09 23:51:50,16.566,104.751,63.1,92,7,3.18
257,Rabaul,PG,2022-01-09 23:51:51,-4.1967,152.1721,82.0,71,100,8.61
258,Geraldton,AU,2022-01-09 23:51:51,-28.7667,114.6,72.12,37,0,16.11
259,Dryden,CA,2022-01-09 23:51:23,49.7833,-92.7503,-14.51,70,0,12.66
260,Zhigansk,RU,2022-01-09 23:51:52,66.7697,123.3711,-28.84,94,88,20.49
261,Port Blair,IN,2022-01-09 23:51:52,11.6667,92.75,77.99,74,86,6.93
262,Coquimbo,CL,2022-01-09 23:51:53,-29.9533,-71.3436,67.73,68,0,11.5
263,Paamiut,GL,2022-01-09 23:51:53,61.994,-49.6678,13.08,79,100,26.6
264,Miri,MY,2022-01-09 23:51:53,4.4148,114.0089,77.14,94,20,5.75
265,Galesong,ID,2022-01-09 23:51:54,-5.3166,119.3661,77.02,78,100,5.97
266,Kashan,IR,2022-01-09 23:51:54,33.9831,51.4364,36.99,60,0,2.3
267,Kamenka,RU,2022-01-09 23:51:55,51.3223,42.7678,23.76,83,100,14.81
268,Nome,US,2022-01-09 23:51:55,64.5011,-165.4064,5.07,51,0,29.93
269,Voh,NC,2022-01-09 23:51:56,-20.9667,164.7,85.37,65,26,5.57
270,Goundam,ML,2022-01-09 23:52:56,16.4145,-3.6708,62.76,13,95,8.16
271,Henties Bay,NA,2022-01-09 23:52:57,-22.116,14.2845,63.86,94,46,2.71
272,Bam,IR,2022-01-09 23:52:57,29.106,58.357,45.25,35,0,0.56
273,Horsham,GB,2022-01-09 23:52:58,51.064,-0.3272,41.97,78,89,1.14
274,Zhuanghe,CN,2022-01-09 23:52:58,39.7008,122.9911,27.97,45,100,4.23
275,Talaya,RU,2022-01-09 23:52:59,61.3833,152.75,-13.47,99,100,2.15
276,Yarmouth,US,2022-01-09 23:52:59,41.7057,-70.2286,49.14,86,100,18.01
277,Marystown,CA,2022-01-09 23:53:00,47.1666,-55.1483,32.86,100,97,5.01
278,Itaituba,BR,2022-01-09 23:53:00,-4.2761,-55.9836,72.28,98,100,1.48
279,Te Anau,NZ,2022-01-09 23:53:01,-45.4167,167.7167,70.29,63,76,4.68
280,Esperance,AU,2022-01-09 23:51:20,-33.8667,121.9,64.24,64,100,16.04
281,Komsomolskiy,UZ,2022-01-09 23:53:02,40.4272,71.7189,39.92,60,75,2.3
282,Pevek,RU,2022-01-09 23:53:02,69.7008,170.3133,-15.97,100,89,1.1
283,Novyy Urengoy,RU,2022-01-09 23:53:03,66.0833,76.6333,-12.89,98,96,8.61
284,Kutum,SD,2022-01-09 23:53:03,14.2,24.6667,68.36,26,63,12.46
285,Raga,SS,2022-01-09 23:53:04,8.4596,25.678,77.56,30,70,2.8
286,Catamarca,AR,2022-01-09 23:53:04,-28.4696,-65.7852,86.05,37,11,7.85
287,Noyabrsk,RU,2022-01-09 23:53:05,63.1994,75.4507,-6.9,97,78,12.46
288,Miles City,US,2022-01-09 23:53:05,46.4083,-105.8406,12.63,89,23,3.06
289,Ostrovnoy,RU,2022-01-09 23:53:05,68.0531,39.5131,27.43,68,100,20.92
290,Clyde River,CA,2022-01-09 23:53:06,70.4692,-68.5914,-3.77,77,100,27.63
291,Chifeng,CN,2022-01-09 23:53:07,42.2683,118.9636,10.13,56,82,2.57
292,Tazovskiy,RU,2022-01-09 23:53:07,67.4667,78.7,-8.77,97,100,11.07
293,Kirakira,SB,2022-01-09 23:53:08,-10.4544,161.9205,85.51,70,99,10.22
294,Cabo San Lucas,MX,2022-01-09 23:53:08,22.8909,-109.9124,76.6,78,100,3.0
295,Sibu,MY,2022-01-09 23:53:08,2.3,111.8167,77.31,94,40,3.0
296,Cacapava Do Sul,BR,2022-01-09 23:53:09,-30.5122,-53.4914,68.79,61,0,11.56
297,Hede,CN,2022-01-09 23:53:10,33.7681,120.2517,37.38,83,68,1.68
298,Anchorage,US,2022-01-09 23:53:10,61.2181,-149.9003,12.94,54,100,10.0
299,Bathsheba,BB,2022-01-09 23:53:10,13.2167,-59.5167,77.61,69,20,17.27
300,Mbekenyera,TZ,2022-01-09 23:53:11,-10.0,38.9833,73.45,95,100,3.78
301,Kendari,ID,2022-01-09 23:53:11,-3.945,122.4989,79.45,84,97,1.74
302,Oranjemund,NA,2022-01-09 23:53:12,-28.55,16.4333,64.54,95,11,3.67
303,Ustyuzhna,RU,2022-01-09 23:53:12,58.8394,36.4321,8.6,99,97,3.11
304,Loa Janan,ID,2022-01-09 23:53:13,-0.583,117.095,76.17,96,79,2.1
305,Beyneu,KZ,2022-01-09 23:53:13,45.3167,55.2,30.54,78,25,20.27
306,Iqaluit,CA,2022-01-09 23:53:14,63.7506,-68.5145,-27.31,67,0,11.99
307,Luau,AO,2022-01-09 23:53:14,-10.7073,22.2247,64.94,97,81,2.86
308,Sompeta,IN,2022-01-09 23:53:15,18.9333,84.6,67.73,83,0,2.77
309,Boddam,GB,2022-01-09 23:53:15,57.4667,-1.7833,31.39,71,63,11.97
310,Laguna,US,2022-01-09 23:53:16,38.421,-121.4238,63.1,66,0,1.99
311,Agadir,MA,2022-01-09 23:53:16,30.4202,-9.5982,52.25,59,78,2.21
312,Kalmunai,LK,2022-01-09 23:54:17,7.4167,81.8167,74.64,91,99,4.85
313,Rafaela,AR,2022-01-09 23:54:17,-31.2503,-61.4867,88.99,33,3,1.01
314,Bondo,CD,2022-01-09 23:54:17,3.8146,23.6866,75.27,48,100,0.63
315,Mugur-Aksy,RU,2022-01-09 23:54:18,50.35,90.5,2.43,68,38,6.08
316,Taltal,CL,2022-01-09 23:54:18,-25.4,-70.4833,66.97,78,89,3.76
317,Seoul,KR,2022-01-09 23:54:19,37.5683,126.9778,20.8,90,40,2.3
318,Adrar,MR,2022-01-09 23:54:19,20.5022,-10.0711,58.82,12,98,8.32
319,Scarborough,GB,2022-01-09 23:54:20,54.2797,-0.4044,42.33,90,85,1.01
320,Rumphi,MW,2022-01-09 23:54:20,-11.0186,33.8575,65.19,99,100,1.48
321,Manado,ID,2022-01-09 23:54:21,1.487,124.8455,79.57,89,20,0.0
322,Autun,FR,2022-01-09 23:54:21,46.95,4.3,38.23,98,100,0.13
323,Ilheus,BR,2022-01-09 23:54:10,-14.7889,-39.0494,78.62,94,0,1.14
324,Nikolskoye,RU,2022-01-09 23:54:22,59.7035,30.7861,24.69,99,94,2.08
325,Carolina,PR,2022-01-09 23:54:23,18.3808,-65.9574,78.69,76,40,16.11
326,Sanski Most,BA,2022-01-09 23:54:23,44.7653,16.6656,26.87,95,97,0.85
327,Oussouye,SN,2022-01-09 23:54:24,12.485,-16.5469,77.09,47,81,16.46
328,Dekar,BW,2022-01-09 23:54:24,-21.5333,21.9333,67.03,87,97,8.14
329,Amantea,IT,2022-01-09 23:54:25,39.1332,16.0746,50.45,67,62,21.05
330,Saint-Louis,SN,2022-01-09 23:54:25,16.3333,-15.0,74.84,12,100,6.26
331,Eldorado,BR,2022-01-09 23:54:26,-23.7869,-54.2836,68.43,69,9,5.97
332,Bilibino,RU,2022-01-09 23:54:26,68.0546,166.4372,-15.66,97,74,2.91
333,Persianovskiy,RU,2022-01-09 23:54:27,47.5137,40.1075,34.32,93,75,20.13
334,Buala,SB,2022-01-09 23:54:27,-8.145,159.5921,84.11,75,89,6.87
335,Tabou,CI,2022-01-09 23:54:28,4.423,-7.3528,79.81,83,80,7.02
336,Lexington Park,US,2022-01-09 23:54:28,38.2668,-76.4538,51.73,96,100,3.44
337,Mama,RU,2022-01-09 23:54:29,58.3106,112.8986,-27.08,98,26,6.04
338,Klaksvik,FO,2022-01-09 23:54:30,62.2266,-6.589,43.72,93,84,34.47
339,Portobelo,PA,2022-01-09 23:54:30,9.55,-79.65,81.01,86,49,13.53
340,Elko,US,2022-01-09 23:54:30,41.0002,-115.5012,37.42,88,6,4.81
341,Muravlenko,RU,2022-01-09 23:54:31,63.7898,74.523,-8.3,98,76,12.12
342,Hervey Bay,AU,2022-01-09 23:54:31,-25.2986,152.8535,83.01,70,70,4.0
343,Aden,YE,2022-01-09 23:54:32,12.7794,45.0367,76.24,69,79,16.82
344,Turukhansk,RU,2022-01-09 23:54:32,65.8167,87.9833,-3.53,99,100,7.9
345,Rocha,UY,2022-01-09 23:54:33,-34.4833,-54.3333,68.52,81,0,11.95
346,Bogashevo,RU,2022-01-09 23:54:33,56.3683,85.1447,17.44,86,75,11.18
347,Guerrero Negro,MX,2022-01-09 23:54:33,27.9769,-114.0611,67.19,51,100,6.04
348,Bayir,TR,2022-01-09 23:54:34,37.2687,28.2167,45.12,97,100,7.36
349,Kudahuvadhoo,MV,2022-01-09 23:54:35,2.6708,72.8944,81.16,75,95,10.36
350,Camacha,PT,2022-01-09 23:54:35,33.0833,-16.3333,61.54,88,40,10.36
351,Grand Gaube,MU,2022-01-09 23:54:35,-20.0064,57.6608,76.37,87,77,3.0
352,Vestmanna,FO,2022-01-09 23:54:36,62.1564,-7.1664,41.92,93,100,20.71
353,Mayumba,GA,2022-01-09 23:54:37,-3.432,10.6554,76.78,94,98,4.7
354,Reyes,BO,2022-01-09 23:54:37,-14.3167,-67.3833,80.58,72,70,5.41
355,Magistralnyy,RU,2022-01-09 23:54:38,56.1725,107.4458,-17.39,94,11,3.51
356,Ust-Nera,RU,2022-01-09 23:55:38,64.5667,143.2,-23.93,99,76,3.27
357,Waipawa,NZ,2022-01-09 23:55:39,-41.4122,175.5153,68.94,58,100,3.8
358,Virginia Beach,US,2022-01-09 23:50:49,36.8529,-75.978,64.45,77,75,11.5
359,Pimentel,PE,2022-01-09 23:55:39,-6.8367,-79.9342,75.49,69,0,14.97
360,Ozernovskiy,RU,2022-01-09 23:55:40,51.5,156.5167,30.18,95,97,6.82
361,Xingcheng,CN,2022-01-09 23:55:40,40.6167,120.7167,18.93,83,78,11.3
362,Mnogovershinnyy,RU,2022-01-09 23:55:41,53.9353,139.9242,-4.25,93,100,6.93
363,Nikolayevsk-Na-Amure,RU,2022-01-09 23:55:41,53.1406,140.73,-0.62,90,100,8.93
364,Shetpe,KZ,2022-01-09 23:55:41,44.1667,52.1167,32.32,85,10,14.67
365,Gagra,GE,2022-01-09 23:55:42,43.3283,40.2239,50.92,72,68,10.58
366,Ahipara,NZ,2022-01-09 23:55:43,-35.1667,173.1667,74.07,61,100,5.08
367,Benghazi,LY,2022-01-09 23:55:43,32.1167,20.0667,60.19,60,90,28.92
368,Smithers,CA,2022-01-09 23:55:43,54.7804,-127.1743,16.12,86,75,3.44
369,Sigli,ID,2022-01-09 23:55:44,5.3848,95.9609,77.74,82,91,2.64
370,Semporna,MY,2022-01-09 23:55:44,4.4818,118.6112,73.6,86,97,7.2
371,Pyaozerskiy,RU,2022-01-09 23:55:45,65.8333,31.1667,-2.52,98,26,4.43
372,Pittsburg,US,2022-01-09 23:52:49,38.028,-121.8847,60.93,79,20,1.01
373,Port Macquarie,AU,2022-01-09 23:51:20,-31.4333,152.9167,80.89,67,37,9.73
374,Makokou,GA,2022-01-09 23:55:45,0.5738,12.8642,74.7,85,95,3.96
375,Mushie,CD,2022-01-09 23:55:46,-3.0167,16.9,74.5,88,94,2.51
376,Cabedelo,BR,2022-01-09 23:55:46,-6.9811,-34.8339,79.47,75,9,11.16
377,Isangel,VU,2022-01-09 23:55:47,-19.55,169.2667,84.31,79,75,13.8
378,Villamartin,ES,2022-01-09 23:55:47,36.8598,-5.6449,50.43,85,0,4.56
379,Jiexiu,CN,2022-01-09 23:55:48,37.0244,111.9125,32.25,48,94,7.7
380,Nesna,NO,2022-01-09 23:55:48,66.1967,13.0213,24.67,80,8,17.22
381,Zheshart,RU,2022-01-09 23:55:49,62.0731,49.5733,18.52,93,100,7.74
382,Sisimiut,GL,2022-01-09 23:55:49,66.9395,-53.6735,14.27,88,100,9.51
383,Constitucion,CL,2022-01-09 23:55:50,-35.3333,-72.4167,61.09,86,16,7.25
384,Ust-Kuyga,RU,2022-01-09 23:55:50,70.0167,135.6,-25.35,99,80,11.74
385,Shamkhal,RU,2022-01-09 23:55:50,43.0596,47.3373,42.78,87,74,5.35
386,Olinda,BR,2022-01-09 23:55:51,-8.0089,-34.8553,82.13,74,40,10.36
387,Barry,GB,2022-01-09 23:55:51,51.4067,-3.2694,46.08,91,100,6.91
388,Castelnau-Le-Lez,FR,2022-01-09 23:55:52,43.6333,3.9,47.71,66,0,17.27
389,Peniche,PT,2022-01-09 23:55:53,39.3558,-9.3811,57.61,93,97,5.66
390,Iskateley,RU,2022-01-09 23:55:53,67.6803,53.1512,1.26,94,98,10.47
391,Barranca,PE,2022-01-09 23:55:53,-10.75,-77.7667,72.07,74,9,9.06
392,Ulladulla,AU,2022-01-09 23:55:54,-35.35,150.4667,81.77,70,77,5.84
393,Sayyan,YE,2022-01-09 23:55:54,15.1718,44.3244,51.13,35,6,2.62
394,Taksimo,RU,2022-01-09 23:55:55,56.3444,114.8794,-26.84,90,22,0.65
395,Nanyuki,KE,2022-01-09 23:55:56,0.0167,37.0728,51.62,83,25,4.97
396,La Asuncion,VE,2022-01-09 23:55:56,11.0333,-63.8628,76.73,83,38,10.36
397,Leh,IN,2022-01-09 23:55:56,34.1667,77.5833,8.06,77,99,4.85
398,Bloomsburg,US,2022-01-09 23:55:57,41.0037,-76.4549,37.15,85,100,6.62
399,Moranbah,AU,2022-01-09 23:55:57,-22.0016,148.0466,85.77,53,29,16.28
400,Porto Novo,BJ,2022-01-09 23:56:58,6.4965,2.6036,82.22,78,57,4.92
401,Tura,IN,2022-01-09 23:56:58,25.5198,90.2201,58.41,67,27,2.75
402,Alberton,CA,2022-01-09 23:56:59,46.8168,-64.0654,33.93,98,100,21.72
403,Sonoita,MX,2022-01-09 23:57:00,31.85,-112.8333,68.52,34,52,8.48
404,Jacareacanga,BR,2022-01-09 23:57:00,-6.2222,-57.7528,70.25,99,100,1.97
405,Terrace,CA,2022-01-09 23:57:01,54.5163,-128.6035,24.71,100,100,5.75
406,Salalah,OM,2022-01-09 23:57:01,17.0151,54.0924,66.45,33,9,6.6
407,Viedma,AR,2022-01-09 23:57:02,-40.8135,-62.9967,73.56,58,27,14.29
408,Wanlaweyn,SO,2022-01-09 23:57:03,2.6185,44.8938,74.05,78,21,11.65
409,Vanavara,RU,2022-01-09 23:57:04,60.34,102.2797,8.19,88,100,8.75
410,Kahului,US,2022-01-09 23:57:04,20.8947,-156.47,79.97,66,0,5.01
411,Shawville,CA,2022-01-09 23:57:05,45.6001,-76.4827,29.05,75,78,16.98
412,Panaba,MX,2022-01-09 23:57:06,21.2833,-88.2667,76.41,68,86,10.16
413,Kloulklubed,PW,2022-01-09 23:57:07,7.0419,134.2556,82.81,73,100,12.91
414,Deputatskiy,RU,2022-01-09 23:57:07,69.3,139.9,-27.35,93,11,5.46
415,Normandin,CA,2022-01-09 23:57:07,48.8333,-72.5321,28.02,79,97,12.66
416,Vila Franca Do Campo,PT,2022-01-09 23:57:08,37.7167,-25.4333,61.21,77,81,10.8
417,Hermiston,US,2022-01-09 23:54:58,45.8404,-119.2895,39.07,76,64,5.37
418,Ouargaye,BF,2022-01-09 23:57:09,11.5033,0.0572,73.13,14,23,8.63
419,Gizo,SB,2022-01-09 23:57:09,-8.103,156.8419,82.74,77,39,10.94
420,Labuan,MY,2022-01-09 23:57:09,5.2767,115.2417,80.96,88,20,5.01
421,Flinders,AU,2022-01-09 23:57:10,-34.5833,150.8552,82.18,81,96,5.01
422,Port Keats,AU,2022-01-09 23:57:10,-14.25,129.55,86.09,69,53,8.14
423,Pundaguitan,PH,2022-01-09 23:57:11,6.3711,126.1689,81.01,77,100,8.97
424,Abu Samrah,SY,2022-01-09 23:57:11,35.3029,37.1841,51.3,69,24,10.56
425,Jatiroto,ID,2022-01-09 23:57:12,-7.8833,111.1167,76.82,86,99,1.9
426,Vigrestad,NO,2022-01-09 23:57:12,58.5667,5.7,39.99,71,100,22.95
427,Haines Junction,CA,2022-01-09 23:57:13,60.7522,-137.5108,-18.45,76,100,1.14
428,Makakilo City,US,2022-01-09 23:57:13,21.3469,-158.0858,78.62,60,4,2.64
429,Awbari,LY,2022-01-09 23:57:14,26.5921,12.7805,44.26,36,0,8.03
430,Shache,CN,2022-01-09 23:57:14,38.4167,77.2406,23.13,55,100,1.36
431,Praia,CV,2022-01-09 23:57:14,14.9215,-23.5087,72.14,78,40,10.36
432,Ifo,NG,2022-01-09 23:57:15,6.8144,3.1958,80.22,75,46,3.33
433,Da Nang,VN,2022-01-09 23:52:42,16.0678,108.2208,71.58,94,75,2.3
434,Ranong,TH,2022-01-09 23:57:16,9.9658,98.6348,69.73,90,52,5.66
435,Opuwo,NA,2022-01-09 23:57:16,-18.0607,13.84,63.28,40,87,1.43
436,Tashigang,BT,2022-01-09 23:57:17,27.3331,91.5542,47.77,82,66,3.78
437,Tornio,FI,2022-01-09 23:57:17,65.8481,24.1466,-12.98,99,17,2.21
438,Kruisfontein,ZA,2022-01-09 23:57:17,-34.0033,24.7314,65.88,77,96,13.89
439,Okhotsk,RU,2022-01-09 23:57:18,59.3833,143.3,6.82,77,100,13.56
440,Fortuna,US,2022-01-09 23:57:18,40.5982,-124.1573,59.92,69,0,0.0
441,Tsiroanomandidy,MG,2022-01-09 23:57:19,-18.7667,46.0333,68.23,90,100,1.95
442,Sao Jose Da Coroa Grande,BR,2022-01-09 23:57:19,-8.8978,-35.1478,79.38,78,1,8.46
443,Matadi,CD,2022-01-09 23:57:20,-5.8167,13.45,75.9,96,100,3.09
444,Dakar,SN,2022-01-09 23:57:20,14.6937,-17.4441,77.88,53,100,2.3
445,Rio Cuarto,AR,2022-01-09 23:58:21,-33.1307,-64.3499,87.57,35,0,13.8
446,Sandwick,GB,2022-01-09 23:58:21,60.0,-1.25,42.62,87,75,23.02
447,Epernay,FR,2022-01-09 23:58:22,49.05,3.95,36.39,90,37,1.01
448,Cockburn Town,TC,2022-01-09 23:56:26,21.4612,-71.1419,78.48,74,26,22.35
449,Tocopilla,CL,2022-01-09 23:58:23,-22.092,-70.1979,69.76,73,84,6.08
450,Baghdad,IQ,2022-01-09 23:58:23,33.3406,44.4009,51.71,62,0,9.22
451,Guapi,CO,2022-01-09 23:58:24,2.5708,-77.8854,75.25,90,96,2.42
452,Save,BJ,2022-01-09 23:58:24,8.0425,2.486,83.17,21,37,1.39
453,Belle Fourche,US,2022-01-09 23:58:25,44.6714,-103.8522,38.5,60,6,12.91
454,Bjerkvik,NO,2022-01-09 23:58:25,68.5597,17.5189,13.91,74,6,7.47
455,Houma,US,2022-01-09 23:58:26,29.5958,-90.7195,75.02,87,38,1.99
456,Port Shepstone,ZA,2022-01-09 23:58:26,-30.7414,30.455,73.18,86,26,26.35
457,Fukue,JP,2022-01-09 23:58:27,32.6881,128.8419,39.56,100,40,3.44
458,Marsaxlokk,MT,2022-01-09 23:58:27,35.8419,14.5431,54.09,82,40,19.57
459,Otane,NZ,2022-01-09 23:58:28,-39.8833,176.6333,72.39,26,91,3.83
460,Nouakchott,MR,2022-01-09 23:58:29,18.0858,-15.9785,71.53,27,100,8.93
461,Sola,VU,2022-01-09 23:58:29,-13.8833,167.55,82.71,76,100,15.17
462,Ahuimanu,US,2022-01-09 23:58:30,21.4447,-157.8378,79.79,60,1,2.71
463,Yining,CN,2022-01-09 23:58:31,29.0361,114.5636,45.18,87,100,1.52
464,Swan River,CA,2022-01-09 23:58:31,52.1058,-101.2676,-16.71,63,6,14.97
465,Markova,UA,2022-01-09 23:58:32,48.6758,24.4138,25.83,89,98,2.01
466,Monteiro,BR,2022-01-09 23:58:32,-7.8894,-37.12,78.1,57,87,13.24
467,Phan Thiet,VN,2022-01-09 23:58:32,10.9333,108.1,72.99,84,23,5.44
468,Porirua,NZ,2022-01-09 23:58:33,-41.1333,174.85,71.33,72,100,14.12
469,Santa Marta,CO,2022-01-09 23:58:33,11.2408,-74.199,84.25,60,20,15.01
470,Payo,ID,2022-01-09 23:58:34,-3.7508,103.6372,73.29,98,86,1.16
471,Pontal Do Parana,BR,2022-01-09 23:58:34,-25.6533,-48.5128,73.06,90,92,4.41
472,Farafangana,MG,2022-01-09 23:58:35,-22.8167,47.8333,73.92,90,100,4.81
473,Termoli,IT,2022-01-09 23:58:35,41.9888,14.9895,46.51,78,100,7.96
474,Gazli,UZ,2022-01-09 23:58:36,40.1333,63.45,35.67,70,67,9.64
475,Kayerkan,RU,2022-01-09 23:58:36,69.3497,87.7602,-4.49,76,100,9.37
476,Bandrele,YT,2022-01-09 23:58:37,-12.9067,45.1914,76.75,88,0,3.44
477,Oktyabrskoye,RU,2022-01-09 23:58:37,43.0645,44.7417,30.34,92,9,2.24
478,Marzuq,YE,2022-01-09 23:58:38,14.4,46.4667,59.49,34,18,2.98
479,Parana,AR,2022-01-09 23:58:38,-31.732,-60.5238,90.55,36,1,8.93
480,Topchikha,RU,2022-01-09 23:58:38,52.8192,83.1185,16.38,95,67,10.8
481,Bida,NG,2022-01-09 23:58:39,9.0833,6.0167,78.78,25,25,5.73
482,Sur,OM,2022-01-09 23:58:39,22.5667,59.5289,67.24,61,0,3.6
483,Pouebo,NC,2022-01-09 23:58:40,-20.4,164.5667,83.57,70,39,14.92
484,Vicente Guerrero,MX,2022-01-09 23:58:40,19.1194,-98.1708,63.77,35,12,3.83
485,Quatre Cocos,MU,2022-01-09 23:58:41,-20.2078,57.7625,76.08,81,97,9.15
486,Beloha,MG,2022-01-09 23:58:41,-25.1667,45.05,74.55,78,100,10.49
487,Laredo,US,2022-01-09 23:58:42,27.5064,-99.5075,69.85,65,100,12.91
488,Lac Du Bonnet,CA,2022-01-09 23:58:42,50.2536,-96.0612,-15.41,91,29,8.52
489,Springdale,US,2022-01-09 23:58:43,36.1867,-94.1288,38.26,55,0,11.01
490,Esil,KZ,2022-01-09 23:59:43,51.9556,66.4042,-12.78,100,40,5.12
491,Hadejia,NG,2022-01-09 23:59:44,12.4498,10.0444,66.47,16,0,14.88
492,Deniliquin,AU,2022-01-09 23:59:44,-35.5333,144.9667,88.0,27,0,6.4
493,Padang,ID,2022-01-09 23:59:45,-0.9492,100.3543,73.45,88,100,4.85
494,Takaka,NZ,2022-01-09 23:59:45,-40.85,172.8,78.98,57,91,3.65
495,Gharo,PK,2022-01-09 23:59:46,24.7424,67.5856,50.22,53,0,5.39
496,Lockhart,US,2022-01-09 23:59:47,28.6194,-81.4426,75.18,77,49,8.66
497,Iralaya,HN,2022-01-09 23:59:47,15.0,-83.2333,78.89,83,24,12.5
498,Clyde,US,2022-01-09 23:59:48,41.3042,-82.9752,27.99,60,92,16.71
499,Sao Joao Da Barra,BR,2022-01-09 23:59:48,-21.6403,-41.0511,71.1,96,100,7.27
500,Verkhniy Lomov,RU,2022-01-09 23:59:49,53.4678,43.5511,20.53,85,100,15.48
501,Muisne,EC,2022-01-09 23:59:49,0.6,-80.0333,76.21,87,100,4.97
502,Abu Dhabi,AE,2022-01-09 23:56:13,24.4667,54.3667,66.96,74,0,1.14
503,Ueno,JP,2022-01-09 23:59:50,34.75,136.1333,44.58,80,36,4.29
504,Suntar,RU,2022-01-09 23:59:50,62.1444,117.6319,-29.67,98,16,4.59
505,Maceio,BR,2022-01-09 23:59:51,-9.6658,-35.7353,78.24,88,0,8.05
506,Kyshtovka,RU,2022-01-09 23:59:51,56.555,76.6271,-4.88,97,21,8.16
507,Ancud,CL,2022-01-09 23:59:52,-41.8697,-73.8203,67.53,90,51,5.5
508,Jamame,SO,2022-01-09 23:59:52,0.0722,42.7506,76.23,89,3,7.7
509,Amga,RU,2022-01-09 23:59:53,60.8953,131.9608,-32.96,96,97,1.57
510,Faisalabad,PK,2022-01-09 23:58:22,31.4167,73.0833,49.17,92,7,4.45
511,Plettenberg Bay,ZA,2022-01-09 23:59:53,-34.0527,23.3716,71.4,72,100,4.59
512,Asfi,MA,2022-01-09 23:59:54,32.2994,-9.2372,55.67,51,32,15.1
513,Venice,US,2022-01-09 23:59:20,27.0998,-82.4543,77.99,78,75,0.0
514,Sao Borja,BR,2022-01-09 23:59:55,-28.6606,-56.0044,77.95,28,0,9.89
515,Presidencia Roque Saenz Pena,AR,2022-01-09 23:59:55,-26.7852,-60.4388,86.32,33,47,4.7
516,Maxixe,MZ,2022-01-09 23:59:55,-23.8597,35.3472,73.81,90,63,6.42
517,Santiago De Las Vegas,CU,2022-01-09 23:58:06,22.97,-82.3869,74.39,76,96,9.42
518,Cocobeach,GA,2022-01-09 23:59:56,1.0002,9.5823,80.28,83,97,5.75
519,Boa Vista,BR,2022-01-09 23:59:57,2.8197,-60.6733,85.98,45,40,8.05
520,Tahta,EG,2022-01-09 23:59:58,26.7693,31.5021,52.12,39,72,9.35
521,Chicama,PE,2022-01-09 23:59:59,-7.8447,-79.1469,68.54,71,40,6.78
522,Los Llanos De Aridane,ES,2022-01-09 23:59:59,28.6585,-17.9182,64.15,37,0,5.99
523,Maracas,BR,2022-01-10 00:00:00,-13.4411,-40.4308,65.14,93,98,3.42
524,Man,CI,2022-01-09 23:55:34,7.4125,-7.5538,77.47,30,50,1.5
525,Kopayhorod,UA,2022-01-10 00:00:00,48.8592,27.7969,30.38,94,78,5.84
526,Sebastian,US,2022-01-10 00:00:01,35.1668,-94.2669,45.61,66,100,5.44
527,Klin,RU,2022-01-10 00:00:02,56.3333,36.7333,17.91,97,100,3.22
528,Constantine,DZ,2022-01-10 00:00:04,36.365,6.6147,42.69,82,74,6.85
529,Poronaysk,RU,2022-01-10 00:00:05,49.2167,143.1167,12.07,84,100,5.03
530,Franca,BR,2022-01-09 23:55:38,-20.5386,-47.4008,63.54,96,89,6.8
531,Axim,GH,2022-01-10 00:00:11,4.8699,-2.2405,80.44,83,71,7.07
532,Thinadhoo,MV,2022-01-10 00:00:15,0.5333,72.9333,81.91,73,99,8.88
533,Tutoia,BR,2022-01-10 00:00:16,-2.7619,-42.2744,77.65,86,100,1.59
534,Wladyslawowo,PL,2022-01-10 00:00:20,54.7909,18.4009,28.94,79,97,9.13
535,Barranca De Upia,CO,2022-01-10 00:00:22,4.5696,-72.9668,82.56,45,100,3.13
536,Aksarka,RU,2022-01-10 00:00:25,66.5606,67.7975,-3.96,89,79,11.32
